-- October 2025 Shifts for Testing
INSERT INTO `thebrownbottle`.`shift` 
(`employee_id`, `start_time`, `end_time`, `date`, `section_id`)
VALUES
-- Monday, October 14
(1, '08:00:00', '16:00:00', '2025-10-14', 1),
(2, '17:00:00', '23:00:00', '2025-10-14', 4),
(3, '11:00:00', '19:00:00', '2025-10-14', 2),
(4, '09:00:00', '17:00:00', '2025-10-14', 3),
(5, '12:00:00', '20:00:00', '2025-10-14', 1),

-- Tuesday, October 15
(1, '09:00:00', '15:00:00', '2025-10-15', 2),
(2, '16:00:00', '22:00:00', '2025-10-15', 4),
(3, '10:00:00', '18:00:00', '2025-10-15', 3),
(4, '08:00:00', '16:00:00', '2025-10-15', 1),
(5, '13:00:00', '21:00:00', '2025-10-15', 2),

-- Wednesday, October 16
(1, '08:00:00', '16:00:00', '2025-10-16', 1),
(2, '17:00:00', '23:00:00', '2025-10-16', 4),
(3, '12:00:00', '20:00:00', '2025-10-16', 2),
(5, '10:00:00', '18:00:00', '2025-10-16', 3),

-- Thursday, October 17
(1, '10:00:00', '18:00:00', '2025-10-17', 2),
(2, '17:00:00', '23:00:00', '2025-10-17', 4),
(3, '08:00:00', '16:00:00', '2025-10-17', 1),
(4, '11:00:00', '19:00:00', '2025-10-17', 3),
(5, '14:00:00', '22:00:00', '2025-10-17', 2),

-- Friday, October 18
(1, '08:00:00', '17:00:00', '2025-10-18', 1),
(2, '17:00:00', '01:00:00', '2025-10-18', 4),
(3, '11:00:00', '20:00:00', '2025-10-18', 2),
(4, '09:00:00', '17:00:00', '2025-10-18', 3),
(5, '12:00:00', '21:00:00', '2025-10-18', 1),

-- Saturday, October 19
(1, '10:00:00', '18:00:00', '2025-10-19', 2),
(2, '18:00:00', '02:00:00', '2025-10-19', 4),
(3, '12:00:00', '21:00:00', '2025-10-19', 3),
(4, '09:00:00', '17:00:00', '2025-10-19', 1),
(5, '14:00:00', '23:00:00', '2025-10-19', 2),

-- Sunday, October 20
(1, '11:00:00', '17:00:00', '2025-10-20', 1),
(2, '17:00:00', '23:00:00', '2025-10-20', 4),
(3, '10:00:00', '16:00:00', '2025-10-20', 2),
(5, '13:00:00', '20:00:00', '2025-10-20', 3),

-- ========================================
-- LAST WEEK OF OCTOBER (Oct 27-31, 2025)
-- ========================================

-- Monday, October 27
(1, '08:00:00', '16:00:00', '2025-10-27', 1),
(2, '16:00:00', '23:00:00', '2025-10-27', 4),
(3, '10:00:00', '18:00:00', '2025-10-27', 2),
(4, '09:00:00', '17:00:00', '2025-10-27', 3),
(5, '11:00:00', '19:00:00', '2025-10-27', 1),

-- Tuesday, October 28
(1, '09:00:00', '17:00:00', '2025-10-28', 2),
(2, '17:00:00', '23:00:00', '2025-10-28', 4),
(3, '08:00:00', '16:00:00', '2025-10-28', 1),
(4, '10:00:00', '18:00:00', '2025-10-28', 3),
(5, '12:00:00', '20:00:00', '2025-10-28', 2),

-- Wednesday, October 29
(1, '08:00:00', '16:00:00', '2025-10-29', 1),
(2, '16:00:00', '22:00:00', '2025-10-29', 4),
(3, '11:00:00', '19:00:00', '2025-10-29', 2),
(4, '09:00:00', '17:00:00', '2025-10-29', 3),
(5, '13:00:00', '21:00:00', '2025-10-29', 1),

-- Thursday, October 30
(1, '10:00:00', '18:00:00', '2025-10-30', 2),
(2, '17:00:00', '23:00:00', '2025-10-30', 4),
(3, '08:00:00', '16:00:00', '2025-10-30', 1),
(4, '11:00:00', '19:00:00', '2025-10-30', 3),
(5, '14:00:00', '22:00:00', '2025-10-30', 2),

-- Friday, October 31 (Halloween - Busy!)
(1, '08:00:00', '17:00:00', '2025-10-31', 1),
(2, '17:00:00', '01:00:00', '2025-10-31', 4),
(3, '10:00:00', '20:00:00', '2025-10-31', 2),
(4, '09:00:00', '17:00:00', '2025-10-31', 3),
(5, '12:00:00', '22:00:00', '2025-10-31', 1),

-- ========================================
-- FIRST WEEK OF NOVEMBER (Nov 1-7, 2025)
-- ========================================

-- Saturday, November 1
(1, '10:00:00', '18:00:00', '2025-11-01', 2),
(2, '18:00:00', '02:00:00', '2025-11-01', 4),
(3, '11:00:00', '20:00:00', '2025-11-01', 3),
(4, '09:00:00', '17:00:00', '2025-11-01', 1),
(5, '14:00:00', '23:00:00', '2025-11-01', 2),

-- Sunday, November 2
(1, '11:00:00', '18:00:00', '2025-11-02', 1),
(2, '17:00:00', '23:00:00', '2025-11-02', 4),
(3, '10:00:00', '17:00:00', '2025-11-02', 2),
(4, '12:00:00', '19:00:00', '2025-11-02', 3),

-- Monday, November 3
(1, '08:00:00', '16:00:00', '2025-11-03', 1),
(2, '16:00:00', '23:00:00', '2025-11-03', 4),
(3, '10:00:00', '18:00:00', '2025-11-03', 2),
(4, '09:00:00', '17:00:00', '2025-11-03', 3),
(5, '11:00:00', '19:00:00', '2025-11-03', 1),

-- Tuesday, November 4
(1, '09:00:00', '17:00:00', '2025-11-04', 2),
(2, '17:00:00', '23:00:00', '2025-11-04', 4),
(3, '08:00:00', '16:00:00', '2025-11-04', 1),
(4, '10:00:00', '18:00:00', '2025-11-04', 3),
(5, '12:00:00', '20:00:00', '2025-11-04', 2),

-- Wednesday, November 5
(1, '08:00:00', '16:00:00', '2025-11-05', 1),
(2, '16:00:00', '22:00:00', '2025-11-05', 4),
(3, '11:00:00', '19:00:00', '2025-11-05', 2),
(5, '09:00:00', '17:00:00', '2025-11-05', 3),

-- Thursday, November 6
(1, '10:00:00', '18:00:00', '2025-11-06', 2),
(2, '17:00:00', '23:00:00', '2025-11-06', 4),
(3, '08:00:00', '16:00:00', '2025-11-06', 1),
(4, '11:00:00', '19:00:00', '2025-11-06', 3),
(5, '14:00:00', '22:00:00', '2025-11-06', 2),

-- Friday, November 7
(1, '08:00:00', '17:00:00', '2025-11-07', 1),
(2, '17:00:00', '01:00:00', '2025-11-07', 4),
(3, '10:00:00', '20:00:00', '2025-11-07', 2),
(4, '09:00:00', '17:00:00', '2025-11-07', 3),
(5, '12:00:00', '21:00:00', '2025-11-07', 1);